{
    "RESISC45": {
        "top1": 0.717936507936508
    },
    "Cars": {
        "top1": 0.5964432284541724
    },
    "MNIST": {
        "top1": 0.9763
    },
    "DTD": {
        "top1": 0.5441489361702128
    },
    "EuroSAT": {
        "top1": 0.822962962962963
    },
    "GTSRB": {
        "top1": 0.714806017418844
    },
    "SUN397": {
        "top1": 0.6132591604983679
    },
    "SVHN": {
        "top1": 0.8256760909649662
    },
    "average_accuracy": 0.7264416130507542
}