{
    "RESISC45": {
        "top1": 0.7914285714285715
    },
    "Cars": {
        "top1": 0.6667081208804875
    },
    "MNIST": {
        "top1": 0.9523
    },
    "DTD": {
        "top1": 0.5718085106382979
    },
    "EuroSAT": {
        "top1": 0.9746296296296296
    },
    "GTSRB": {
        "top1": 0.7894695170229612
    },
    "SUN397": {
        "top1": 0.6681531883591559
    },
    "SVHN": {
        "top1": 0.8072372464658881
    },
    "avg_accuracy": 0.777716848053124,
    "random_seed": 42
}