{
    "RESISC45": {
        "top1": 0.7987301587301587
    },
    "Cars": {
        "top1": 0.6659619450317125
    },
    "MNIST": {
        "top1": 0.958
    },
    "DTD": {
        "top1": 0.5829787234042553
    },
    "EuroSAT": {
        "top1": 0.9829629629629629
    },
    "GTSRB": {
        "top1": 0.8110847189231988
    },
    "SUN397": {
        "top1": 0.663463748793159
    },
    "SVHN": {
        "top1": 0.8215273509526736
    },
    "avg_accuracy": 0.7855887010997651,
    "random_seed": 42
}