{
    "RESISC45": {
        "top1": 0.7066666666666667
    },
    "Cars": {
        "top1": 0.5861211292127845
    },
    "MNIST": {
        "top1": 0.983
    },
    "DTD": {
        "top1": 0.5420212765957447
    },
    "EuroSAT": {
        "top1": 0.8022222222222222
    },
    "GTSRB": {
        "top1": 0.7211401425178148
    },
    "SUN397": {
        "top1": 0.590133786952324
    },
    "SVHN": {
        "top1": 0.8620159803318992
    },
    "average_accuracy": 0.7241651505624318
}