{
    "RESISC45": {
        "top1": 0.7098412698412698
    },
    "Cars": {
        "top1": 0.585748041288397
    },
    "MNIST": {
        "top1": 0.9836
    },
    "DTD": {
        "top1": 0.5478723404255319
    },
    "EuroSAT": {
        "top1": 0.8146296296296296
    },
    "GTSRB": {
        "top1": 0.7084718923198733
    },
    "SUN397": {
        "top1": 0.5807549078203301
    },
    "SVHN": {
        "top1": 0.8615550092194223
    },
    "average_accuracy": 0.7240591363180567
}