{
    "MNIST": {
        "top1": 0.9883
    },
    "DTD": {
        "top1": 0.6771276595744681
    },
    "EuroSAT": {
        "top1": 0.9498148148148148
    },
    "GTSRB": {
        "top1": 0.8731591448931116
    },
    "SUN397": {
        "top1": 0.7492529079122799
    },
    "SVHN": {
        "top1": 0.8785341118623233
    },
    "average_accuracy": 0.8526981065094996
}