{
    "MNIST": {
        "top1": 0.9823
    },
    "DTD": {
        "top1": 0.5393617021276595
    },
    "EuroSAT": {
        "top1": 0.7359259259259259
    },
    "GTSRB": {
        "top1": 0.7735550277117973
    },
    "SUN397": {
        "top1": 0.5865477449312675
    },
    "SVHN": {
        "top1": 0.8642824216349109
    },
    "average_accuracy": 0.7469954703885935
}