{
    "MNIST": {
        "top1": 0.9743
    },
    "DTD": {
        "top1": 0.6335106382978724
    },
    "EuroSAT": {
        "top1": 0.9164814814814815
    },
    "GTSRB": {
        "top1": 0.7280285035629454
    },
    "SUN397": {
        "top1": 0.7218978437772976
    },
    "SVHN": {
        "top1": 0.7952135832821143
    },
    "average_accuracy": 0.7949053417336186
}