{
    "MNIST": {
        "top1": 0.9451
    },
    "DTD": {
        "top1": 0.5430851063829787
    },
    "EuroSAT": {
        "top1": 0.7518518518518519
    },
    "GTSRB": {
        "top1": 0.6770387965162312
    },
    "SUN397": {
        "top1": 0.6534412210932831
    },
    "SVHN": {
        "top1": 0.7779655808236017
    },
    "average_accuracy": 0.724747092777991
}