{
    "MNIST": {
        "top1": 0.9673
    },
    "DTD": {
        "top1": 0.5574468085106383
    },
    "EuroSAT": {
        "top1": 0.7653703703703704
    },
    "GTSRB": {
        "top1": 0.7376880443388757
    },
    "SUN397": {
        "top1": 0.6404762999402326
    },
    "SVHN": {
        "top1": 0.8255608481868469
    },
    "average_accuracy": 0.7489737285578273
}