{
    "MNIST": {
        "top1": 0.9843
    },
    "DTD": {
        "top1": 0.5617021276595745
    },
    "EuroSAT": {
        "top1": 0.7179629629629629
    },
    "GTSRB": {
        "top1": 0.7802850356294537
    },
    "SUN397": {
        "top1": 0.6181324996551882
    },
    "SVHN": {
        "top1": 0.8864474492931776
    },
    "average_accuracy": 0.7581383458667261
}