{
    "MNIST": {
        "top1": 0.9909
    },
    "DTD": {
        "top1": 0.699468085106383
    },
    "EuroSAT": {
        "top1": 0.9585185185185185
    },
    "GTSRB": {
        "top1": 0.8781472684085511
    },
    "SUN397": {
        "top1": 0.7720104822766769
    },
    "SVHN": {
        "top1": 0.9127228027043639
    },
    "average_accuracy": 0.8686278595024156
}