{
    "MNIST": {
        "top1": 0.985
    },
    "DTD": {
        "top1": 0.36861702127659574
    },
    "EuroSAT": {
        "top1": 0.4622222222222222
    },
    "GTSRB": {
        "top1": 0.6150435471100554
    },
    "SUN397": {
        "top1": 0.18320996735782263
    },
    "SVHN": {
        "top1": 0.8792255685310387
    },
    "average_accuracy": 0.5822197210829557
}