{
    "MNIST": {
        "top1": 0.9887
    },
    "DTD": {
        "top1": 0.4856382978723404
    },
    "EuroSAT": {
        "top1": 0.6287037037037037
    },
    "GTSRB": {
        "top1": 0.7490102929532858
    },
    "SUN397": {
        "top1": 0.45745023217323344
    },
    "SVHN": {
        "top1": 0.8985095267363246
    },
    "average_accuracy": 0.7013353422398146
}