{
    "MNIST": {
        "top1": 0.9865
    },
    "DTD": {
        "top1": 0.5473404255319149
    },
    "EuroSAT": {
        "top1": 0.6994444444444444
    },
    "GTSRB": {
        "top1": 0.7765637371338084
    },
    "SUN397": {
        "top1": 0.5893981885890304
    },
    "SVHN": {
        "top1": 0.8925553165334973
    },
    "average_accuracy": 0.7486336853721158
}