{
    "RESISC45": {
        "top1": 0.8617460317460317
    },
    "Cars": {
        "top1": 0.8243999502549434
    },
    "MNIST": {
        "top1": 0.9854
    },
    "DTD": {
        "top1": 0.6558510638297872
    },
    "EuroSAT": {
        "top1": 0.9392592592592592
    },
    "GTSRB": {
        "top1": 0.8346793349168646
    },
    "SUN397": {
        "top1": 0.7355523883959358
    },
    "SVHN": {
        "top1": 0.8526044867854948
    },
    "average_accuracy": 0.8361865643985396
}