{
    "RESISC45": {
        "top1": 0.8266666666666667
    },
    "Cars": {
        "top1": 0.815445840069643
    },
    "MNIST": {
        "top1": 0.9701
    },
    "DTD": {
        "top1": 0.6276595744680851
    },
    "EuroSAT": {
        "top1": 0.9116666666666666
    },
    "GTSRB": {
        "top1": 0.7063341250989708
    },
    "SUN397": {
        "top1": 0.7165187807457128
    },
    "SVHN": {
        "top1": 0.7823063921327597
    },
    "average_accuracy": 0.7945872557310631
}