{
    "MNIST": {
        "top1": 0.9918
    },
    "DTD": {
        "top1": 0.7212765957446808
    },
    "EuroSAT": {
        "top1": 0.9603703703703703
    },
    "GTSRB": {
        "top1": 0.8862232779097388
    },
    "SUN397": {
        "top1": 0.7864925750540205
    },
    "SVHN": {
        "top1": 0.9221727105101414
    },
    "average_accuracy": 0.8780559215981586
}