{
    "RESISC45": {
        "top1": 0.6792063492063493
    },
    "Cars": {
        "top1": 0.5605024250715085
    },
    "MNIST": {
        "top1": 0.9824
    },
    "DTD": {
        "top1": 0.526595744680851
    },
    "EuroSAT": {
        "top1": 0.807962962962963
    },
    "GTSRB": {
        "top1": 0.7073634204275534
    },
    "SUN397": {
        "top1": 0.5646636936232817
    },
    "SVHN": {
        "top1": 0.8487630608481869
    },
    "average_accuracy": 0.7096822071025868
}