{
    "MNIST": {
        "top1": 0.9911
    },
    "DTD": {
        "top1": 0.7079787234042553
    },
    "EuroSAT": {
        "top1": 0.9557407407407408
    },
    "GTSRB": {
        "top1": 0.881076801266825
    },
    "SUN397": {
        "top1": 0.7809755873293182
    },
    "SVHN": {
        "top1": 0.9191379840196681
    },
    "average_accuracy": 0.8726683061268012
}