{
    "MNIST": {
        "top1": 0.987
    },
    "DTD": {
        "top1": 0.5590425531914893
    },
    "EuroSAT": {
        "top1": 0.7040740740740741
    },
    "GTSRB": {
        "top1": 0.7747426761678543
    },
    "SUN397": {
        "top1": 0.5944554273366742
    },
    "SVHN": {
        "top1": 0.8985479409956976
    },
    "average_accuracy": 0.7529771119609648
}