{
    "MNIST": {
        "top1": 0.9919
    },
    "DTD": {
        "top1": 0.7122340425531914
    },
    "EuroSAT": {
        "top1": 0.9537037037037037
    },
    "GTSRB": {
        "top1": 0.8830562153602534
    },
    "SUN397": {
        "top1": 0.7837800560893752
    },
    "SVHN": {
        "top1": 0.9223263675476336
    },
    "average_accuracy": 0.8745000642090263
}