{
    "MNIST": {
        "top1": 0.9918
    },
    "DTD": {
        "top1": 0.726063829787234
    },
    "EuroSAT": {
        "top1": 0.9585185185185185
    },
    "GTSRB": {
        "top1": 0.8855898653998416
    },
    "SUN397": {
        "top1": 0.7915498138016643
    },
    "SVHN": {
        "top1": 0.9268976644130301
    },
    "average_accuracy": 0.8800699486533814
}