{
    "RESISC45": {
        "top1": 0.6926984126984127
    },
    "Cars": {
        "top1": 0.5794055465738093
    },
    "MNIST": {
        "top1": 0.9774
    },
    "DTD": {
        "top1": 0.5382978723404256
    },
    "EuroSAT": {
        "top1": 0.82
    },
    "GTSRB": {
        "top1": 0.7095803642121932
    },
    "SUN397": {
        "top1": 0.5901797618500298
    },
    "SVHN": {
        "top1": 0.8340888137676705
    },
    "average_accuracy": 0.7177063464303177
}