{
    "MNIST": {
        "top1": 0.9882
    },
    "DTD": {
        "top1": 0.5792553191489361
    },
    "EuroSAT": {
        "top1": 0.7527777777777778
    },
    "GTSRB": {
        "top1": 0.7705463182897863
    },
    "SUN397": {
        "top1": 0.616063629258425
    },
    "SVHN": {
        "top1": 0.9048478795328826
    },
    "average_accuracy": 0.7686151540013012
}