{
    "MNIST": {
        "top1": 0.9917
    },
    "DTD": {
        "top1": 0.723404255319149
    },
    "EuroSAT": {
        "top1": 0.9581481481481482
    },
    "GTSRB": {
        "top1": 0.8859065716547901
    },
    "SUN397": {
        "top1": 0.7890671693255482
    },
    "SVHN": {
        "top1": 0.9261677934849416
    },
    "average_accuracy": 0.8790656563220961
}