{
    "MNIST": {
        "top1": 0.9917
    },
    "DTD": {
        "top1": 0.7351063829787234
    },
    "EuroSAT": {
        "top1": 0.9642592592592593
    },
    "GTSRB": {
        "top1": 0.886381631037213
    },
    "SUN397": {
        "top1": 0.7966070525493081
    },
    "SVHN": {
        "top1": 0.9280885064535955
    },
    "average_accuracy": 0.8836904720463498
}