{
    "RESISC45": {
        "top1": 0.6792063492063493
    },
    "Cars": {
        "top1": 0.5605024250715085
    },
    "MNIST": {
        "top1": 0.9802
    },
    "DTD": {
        "top1": 0.5287234042553192
    },
    "EuroSAT": {
        "top1": 0.8140740740740741
    },
    "GTSRB": {
        "top1": 0.7068883610451306
    },
    "SUN397": {
        "top1": 0.5723415015401591
    },
    "SVHN": {
        "top1": 0.8392363245236631
    },
    "average_accuracy": 0.7101465549645256
}