{
    "MNIST": {
        "top1": 0.9875
    },
    "DTD": {
        "top1": 0.5563829787234043
    },
    "EuroSAT": {
        "top1": 0.702037037037037
    },
    "GTSRB": {
        "top1": 0.7718923198733175
    },
    "SUN397": {
        "top1": 0.5861339708519149
    },
    "SVHN": {
        "top1": 0.902619852489244
    },
    "average_accuracy": 0.751094359829153
}