{
    "MNIST": {
        "top1": 0.9806
    },
    "DTD": {
        "top1": 0.6478723404255319
    },
    "EuroSAT": {
        "top1": 0.935
    },
    "GTSRB": {
        "top1": 0.7856690419635788
    },
    "SUN397": {
        "top1": 0.7301733253643511
    },
    "SVHN": {
        "top1": 0.8243315918869084
    },
    "average_accuracy": 0.8172743832733951
}