{
    "MNIST": {
        "top1": 0.8067
    },
    "DTD": {
        "top1": 0.4877659574468085
    },
    "EuroSAT": {
        "top1": 0.6587037037037037
    },
    "GTSRB": {
        "top1": 0.45890736342042754
    },
    "SUN397": {
        "top1": 0.6438324674727599
    },
    "SVHN": {
        "top1": 0.5681468961278426
    },
    "average_accuracy": 0.6040093980285903
}