{
    "MNIST": {
        "top1": 0.9847
    },
    "DTD": {
        "top1": 0.6648936170212766
    },
    "EuroSAT": {
        "top1": 0.9451851851851852
    },
    "GTSRB": {
        "top1": 0.8275534441805226
    },
    "SUN397": {
        "top1": 0.7384947818491104
    },
    "SVHN": {
        "top1": 0.8483789182544561
    },
    "average_accuracy": 0.8348676577484251
}