{
    "MNIST": {
        "top1": 0.8902
    },
    "DTD": {
        "top1": 0.5148936170212766
    },
    "EuroSAT": {
        "top1": 0.7151851851851851
    },
    "GTSRB": {
        "top1": 0.5474267616785432
    },
    "SUN397": {
        "top1": 0.6512344260034021
    },
    "SVHN": {
        "top1": 0.6756299938537185
    },
    "average_accuracy": 0.6657616639570209
}