{
    "RESISC45": {
        "top1": 0.8934920634920634
    },
    "Cars": {
        "top1": 0.8492724785474444
    },
    "MNIST": {
        "top1": 0.9903
    },
    "DTD": {
        "top1": 0.6877659574468085
    },
    "EuroSAT": {
        "top1": 0.9481481481481482
    },
    "GTSRB": {
        "top1": 0.8330166270783848
    },
    "SUN397": {
        "top1": 0.7668612937336214
    },
    "SVHN": {
        "top1": 0.9033113091579594
    },
    "average_accuracy": 0.8590209847005535
}