{
    "RESISC45": {
        "top1": 0.8819047619047619
    },
    "Cars": {
        "top1": 0.8281308294988186
    },
    "MNIST": {
        "top1": 0.9901
    },
    "DTD": {
        "top1": 0.6670212765957447
    },
    "EuroSAT": {
        "top1": 0.9437037037037037
    },
    "GTSRB": {
        "top1": 0.8335708630245448
    },
    "SUN397": {
        "top1": 0.7565169417498047
    },
    "SVHN": {
        "top1": 0.8942071296865396
    },
    "average_accuracy": 0.8493944382704898
}