{
    "RESISC45": {
        "top1": 0.7166666666666667
    },
    "Cars": {
        "top1": 0.5985573933590349
    },
    "MNIST": {
        "top1": 0.9759
    },
    "DTD": {
        "top1": 0.5404255319148936
    },
    "EuroSAT": {
        "top1": 0.8055555555555556
    },
    "GTSRB": {
        "top1": 0.7178147268408551
    },
    "SUN397": {
        "top1": 0.6170750770079536
    },
    "SVHN": {
        "top1": 0.8303626306084819
    },
    "average_accuracy": 0.7252946977441801
}