{
    "RESISC45": {
        "top1": 0.7292063492063492
    },
    "Cars": {
        "top1": 0.6144758114662355
    },
    "MNIST": {
        "top1": 0.9714
    },
    "DTD": {
        "top1": 0.5441489361702128
    },
    "EuroSAT": {
        "top1": 0.8072222222222222
    },
    "GTSRB": {
        "top1": 0.7158353127474267
    },
    "SUN397": {
        "top1": 0.6337639648751782
    },
    "SVHN": {
        "top1": 0.8191456668715427
    },
    "average_accuracy": 0.7293997829448959
}