{
    "RESISC45": {
        "top1": 0.10793650793650794
    },
    "Cars": {
        "top1": 0.013679890560875513
    },
    "MNIST": {
        "top1": 0.8526
    },
    "DTD": {
        "top1": 0.11170212765957446
    },
    "EuroSAT": {
        "top1": 0.3275925925925926
    },
    "GTSRB": {
        "top1": 0.22612826603325414
    },
    "SUN397": {
        "top1": 0.016367063583283527
    },
    "SVHN": {
        "top1": 0.5954210202827289
    },
    "average_accuracy": 0.28142843358110214
}