{
    "RESISC45": {
        "top1": 0.7376190476190476
    },
    "Cars": {
        "top1": 0.6285287899514985
    },
    "MNIST": {
        "top1": 0.968
    },
    "DTD": {
        "top1": 0.5420212765957447
    },
    "EuroSAT": {
        "top1": 0.8077777777777778
    },
    "GTSRB": {
        "top1": 0.7114014251781473
    },
    "SUN397": {
        "top1": 0.6435106431888189
    },
    "SVHN": {
        "top1": 0.8085049170251998
    },
    "average_accuracy": 0.7309204846670293
}