{
    "RESISC45": {
        "top1": 0.6125396825396825
    },
    "Cars": {
        "top1": 0.4791692575550305
    },
    "MNIST": {
        "top1": 0.9844
    },
    "DTD": {
        "top1": 0.4808510638297872
    },
    "EuroSAT": {
        "top1": 0.7177777777777777
    },
    "GTSRB": {
        "top1": 0.694061757719715
    },
    "SUN397": {
        "top1": 0.46117419888740746
    },
    "SVHN": {
        "top1": 0.8450368776889982
    },
    "average_accuracy": 0.6593763269997998
}