{
    "RESISC45": {
        "top1": 0.38206349206349205
    },
    "Cars": {
        "top1": 0.22323094142519587
    },
    "MNIST": {
        "top1": 0.9808
    },
    "DTD": {
        "top1": 0.3526595744680851
    },
    "EuroSAT": {
        "top1": 0.5187037037037037
    },
    "GTSRB": {
        "top1": 0.5766429136975455
    },
    "SUN397": {
        "top1": 0.1729575651694175
    },
    "SVHN": {
        "top1": 0.8098110018438844
    },
    "average_accuracy": 0.5021086490464155
}