{
    "RESISC45": {
        "top1": 0.6996825396825397
    },
    "Cars": {
        "top1": 0.5797786344981968
    },
    "MNIST": {
        "top1": 0.9795
    },
    "DTD": {
        "top1": 0.5324468085106383
    },
    "EuroSAT": {
        "top1": 0.7888888888888889
    },
    "GTSRB": {
        "top1": 0.7200316706254949
    },
    "SUN397": {
        "top1": 0.5914210840880879
    },
    "SVHN": {
        "top1": 0.8395820528580209
    },
    "average_accuracy": 0.7164164598939835
}