{
    "RESISC45": {
        "top1": 0.8773015873015872
    },
    "Cars": {
        "top1": 0.853625170998632
    },
    "MNIST": {
        "top1": 0.9878
    },
    "DTD": {
        "top1": 0.6680851063829787
    },
    "EuroSAT": {
        "top1": 0.9824074074074074
    },
    "GTSRB": {
        "top1": 0.8791765637371338
    },
    "SUN397": {
        "top1": 0.7475978115948692
    },
    "SVHN": {
        "top1": 0.8491856177012908
    },
    "avg_accuracy": 0.8556474081404873,
    "random_seed": 42
}