{
    "MNIST": {
        "top1": 0.9905
    },
    "DTD": {
        "top1": 0.701063829787234
    },
    "EuroSAT": {
        "top1": 0.9635185185185186
    },
    "GTSRB": {
        "top1": 0.8676167854315123
    },
    "SUN397": {
        "top1": 0.7730679049239115
    },
    "SVHN": {
        "top1": 0.9000845113706207
    },
    "average_accuracy": 0.8659752583386329
}