{
    "MNIST": {
        "top1": 0.9917
    },
    "DTD": {
        "top1": 0.7175531914893617
    },
    "EuroSAT": {
        "top1": 0.9546296296296296
    },
    "GTSRB": {
        "top1": 0.8839271575613619
    },
    "SUN397": {
        "top1": 0.7870902487241966
    },
    "SVHN": {
        "top1": 0.9242086662569146
    },
    "average_accuracy": 0.8765181489435774
}