{
    "MNIST": {
        "top1": 0.9881
    },
    "DTD": {
        "top1": 0.5648936170212766
    },
    "EuroSAT": {
        "top1": 0.7177777777777777
    },
    "GTSRB": {
        "top1": 0.771575613618369
    },
    "SUN397": {
        "top1": 0.5895820881798538
    },
    "SVHN": {
        "top1": 0.9053856791641057
    },
    "average_accuracy": 0.7562191292935637
}