{
    "MNIST": {
        "top1": 0.9915
    },
    "DTD": {
        "top1": 0.7047872340425532
    },
    "EuroSAT": {
        "top1": 0.9585185185185185
    },
    "GTSRB": {
        "top1": 0.8836104513064132
    },
    "SUN397": {
        "top1": 0.7749528757298515
    },
    "SVHN": {
        "top1": 0.9180239704978488
    },
    "average_accuracy": 0.871898841682531
}