{
    "MNIST": {
        "top1": 0.957
    },
    "DTD": {
        "top1": 0.23617021276595745
    },
    "EuroSAT": {
        "top1": 0.3553703703703704
    },
    "GTSRB": {
        "top1": 0.4266825019794141
    },
    "SUN397": {
        "top1": 0.04261873017332536
    },
    "SVHN": {
        "top1": 0.8179932390903504
    },
    "average_accuracy": 0.47263917572990294
}