{
    "MNIST": {
        "top1": 0.9921
    },
    "DTD": {
        "top1": 0.7101063829787234
    },
    "EuroSAT": {
        "top1": 0.957962962962963
    },
    "GTSRB": {
        "top1": 0.8894695170229612
    },
    "SUN397": {
        "top1": 0.7771136959220266
    },
    "SVHN": {
        "top1": 0.9221342962507683
    },
    "average_accuracy": 0.8748144758562404
}