{
    "MNIST": {
        "top1": 0.8971
    },
    "DTD": {
        "top1": 0.5202127659574468
    },
    "EuroSAT": {
        "top1": 0.705925925925926
    },
    "GTSRB": {
        "top1": 0.5557403008709422
    },
    "SUN397": {
        "top1": 0.6579467610684566
    },
    "SVHN": {
        "top1": 0.6924938537185003
    }
}