{
    "RESISC45": {
        "top1": 0.8833333333333333
    },
    "Cars": {
        "top1": 0.8334784230817063
    },
    "MNIST": {
        "top1": 0.9897
    },
    "DTD": {
        "top1": 0.6686170212765957
    },
    "EuroSAT": {
        "top1": 0.9405555555555556
    },
    "GTSRB": {
        "top1": 0.841963578780681
    },
    "SUN397": {
        "top1": 0.7537124729897476
    },
    "SVHN": {
        "top1": 0.8919022741241549
    },
    "average_accuracy": 0.8504078323927218
}