{
    "RESISC45": {
        "top1": 0.6782539682539682
    },
    "Cars": {
        "top1": 0.6219375699539859
    },
    "MNIST": {
        "top1": 0.7521
    },
    "DTD": {
        "top1": 0.47819148936170214
    },
    "EuroSAT": {
        "top1": 0.6544444444444445
    },
    "GTSRB": {
        "top1": 0.42794932699920823
    },
    "SUN397": {
        "top1": 0.6415796974851731
    },
    "SVHN": {
        "top1": 0.5039950829748002
    },
    "average_accuracy": 0.5948064474341602
}