{
    "RESISC45": {
        "top1": 0.7146031746031746
    },
    "Cars": {
        "top1": 0.6333789329685362
    },
    "MNIST": {
        "top1": 0.8746
    },
    "DTD": {
        "top1": 0.5010638297872341
    },
    "EuroSAT": {
        "top1": 0.73
    },
    "GTSRB": {
        "top1": 0.5278701504354711
    },
    "SUN397": {
        "top1": 0.6490736058112271
    },
    "SVHN": {
        "top1": 0.6415949600491703
    },
    "average_accuracy": 0.6590230817068516
}