{
    "RESISC45": {
        "top1": 0.7126984126984127
    },
    "Cars": {
        "top1": 0.6070140529784852
    },
    "MNIST": {
        "top1": 0.9532
    },
    "DTD": {
        "top1": 0.5175531914893617
    },
    "EuroSAT": {
        "top1": 0.7974074074074075
    },
    "GTSRB": {
        "top1": 0.6732383214568488
    },
    "SUN397": {
        "top1": 0.6205691692335985
    },
    "SVHN": {
        "top1": 0.7668254456054088
    },
    "average_accuracy": 0.7060632501086903
}