{
    "RESISC45": {
        "top1": 0.7015873015873015
    },
    "Cars": {
        "top1": 0.5903494590225097
    },
    "MNIST": {
        "top1": 0.9612
    },
    "DTD": {
        "top1": 0.5154255319148936
    },
    "EuroSAT": {
        "top1": 0.7961111111111111
    },
    "GTSRB": {
        "top1": 0.6860649247822644
    },
    "SUN397": {
        "top1": 0.6008459381177876
    },
    "SVHN": {
        "top1": 0.7822295636140135
    },
    "average_accuracy": 0.7042267287687352
}