{
    "RESISC45": {
        "top1": 0.7207936507936508
    },
    "Cars": {
        "top1": 0.6316378559880612
    },
    "MNIST": {
        "top1": 0.9013
    },
    "DTD": {
        "top1": 0.5132978723404256
    },
    "EuroSAT": {
        "top1": 0.7546296296296297
    },
    "GTSRB": {
        "top1": 0.5737925574030087
    },
    "SUN397": {
        "top1": 0.6494414049928738
    },
    "SVHN": {
        "top1": 0.6810464044253227
    },
    "average_accuracy": 0.6782424219466215
}