{
    "RESISC45": {
        "top1": 0.7238095238095238
    },
    "Cars": {
        "top1": 0.6241760975003109
    },
    "MNIST": {
        "top1": 0.932
    },
    "DTD": {
        "top1": 0.5154255319148936
    },
    "EuroSAT": {
        "top1": 0.7801851851851852
    },
    "GTSRB": {
        "top1": 0.6353919239904988
    },
    "SUN397": {
        "top1": 0.6408900740195853
    },
    "SVHN": {
        "top1": 0.7304855562384758
    },
    "average_accuracy": 0.697795486582309
}